{"id":1,"name":"Licenciado Fresco Atum"}
{"id":2,"name":"Prático Macio Chapéu"}
{"id":3,"name":"Pequeno Fresco Pizza"}
{"id":4,"name":"Licenciado Fresco Luvas"}
{"id":5,"name":"Feito à mão Concreto Frango"}
{"id":6,"name":"Rústico Macio Mouse"}
{"id":7,"name":"Refinado Macio Cadeira"}
{"id":8,"name":"Genérico Macio Teclado"}
{"id":9,"name":"Genérico Plástico Cadeira"}
{"id":10,"name":"Impressionante Borracha Sapatos"}
{"id":11,"name":"Rústico Fresco Peixe"}
{"id":12,"name":"Pequeno Algodão Mesa"}
{"id":13,"name":"Rústico Congelado Mesa"}
{"id":14,"name":"Licenciado Concreto Salgadinhos"}
{"id":15,"name":"Prático Congelado Camiseta"}
{"id":16,"name":"Genérico Metal Atum"}
{"id":17,"name":"Lustroso Concreto Bicicleta"}
{"id":18,"name":"Licenciado Borracha Salada"}
{"id":19,"name":"Refinado Granito Mesa"}
{"id":20,"name":"Refinado Algodão Queijo"}
{"id":21,"name":"Feito à mão Macio Chapéu"}
{"id":22,"name":"Gostoso Macio Camiseta"}
{"id":23,"name":"Feito à mão Borracha Mesa"}
{"id":24,"name":"Pequeno Algodão Sapatos"}
{"id":25,"name":"Incrível Borracha Salada"}
{"id":26,"name":"Licenciado Aço Queijo"}
{"id":27,"name":"Feito à mão Aço Mouse"}
{"id":28,"name":"Incrível Borracha Mesa"}
{"id":29,"name":"Impressionante Metal Pizza"}
{"id":30,"name":"Sem marca Aço Bicicleta"}
{"id":31,"name":"Genérico Fresco Queijo"}
{"id":32,"name":"Pequeno Macio Salsicha"}
{"id":33,"name":"Feito à mão Algodão Sapatos"}
{"id":34,"name":"Sem marca Madeira Pizza"}
{"id":35,"name":"Rústico Fresco Carro"}
{"id":36,"name":"Genérico Metal Salsicha"}
{"id":37,"name":"Inteligente Algodão Camiseta"}
{"id":38,"name":"Refinado Borracha Teclado"}
{"id":39,"name":"Incrível Madeira Salada"}
{"id":40,"name":"Pequeno Concreto Calças"}
{"id":41,"name":"Rústico Fresco Chapéu"}
{"id":42,"name":"Genérico Fresco Queijo"}
{"id":43,"name":"Incrível Congelado Luvas"}
{"id":44,"name":"Prático Madeira Calças"}
{"id":45,"name":"Refinado Algodão Queijo"}
{"id":46,"name":"Impressionante Borracha Atum"}
{"id":47,"name":"Fantástico Concreto Sapatos"}
{"id":48,"name":"Gostoso Aço Peixe"}
{"id":49,"name":"Sem marca Borracha Salgadinhos"}
{"id":50,"name":"Lindo Fresco Teclado"}
{"id":51,"name":"Sem marca Aço Computador"}
{"id":52,"name":"Incrível Metal Peixe"}
{"id":53,"name":"Feito à mão Concreto Bicicleta"}
{"id":54,"name":"Ergonômico Metal Mouse"}
{"id":55,"name":"Licenciado Congelado Salada"}
{"id":56,"name":"Gostoso Fresco Luvas"}
{"id":57,"name":"Lindo Granito Mouse"}
{"id":58,"name":"Lindo Madeira Salgadinhos"}
{"id":59,"name":"Sem marca Borracha Carro"}
{"id":60,"name":"Pequeno Metal Carro"}
{"id":61,"name":"Fantástico Plástico Calças"}
{"id":62,"name":"Feito à mão Macio Toalhas"}
{"id":63,"name":"Genérico Fresco Computador"}
{"id":64,"name":"Genérico Macio Peixe"}
{"id":65,"name":"Pequeno Plástico Luvas"}
{"id":66,"name":"Pequeno Concreto Salgadinhos"}
{"id":67,"name":"Feito à mão Borracha Bacon"}
{"id":68,"name":"Rústico Macio Pizza"}
{"id":69,"name":"Fantástico Algodão Mouse"}
{"id":70,"name":"Licenciado Madeira Frango"}
{"id":71,"name":"Impressionante Metal Frango"}
{"id":72,"name":"Sem marca Borracha Salsicha"}
{"id":73,"name":"Impressionante Borracha Calças"}
{"id":74,"name":"Genérico Granito Bola"}
{"id":75,"name":"Impressionante Borracha Carro"}
{"id":76,"name":"Refinado Madeira Cadeira"}
{"id":77,"name":"Prático Aço Salada"}
{"id":79,"name":"Lustroso Granito Atum"}
{"id":80,"name":"Genérico Granito Mesa"}
{"id":81,"name":"Rústico Congelado Mouse"}
{"id":82,"name":"Gostoso Macio Cadeira"}
{"id":83,"name":"Refinado Macio Salgadinhos"}
{"id":84,"name":"Impressionante Fresco Bacon"}
{"id":85,"name":"Gostoso Borracha Bacon"}
{"id":86,"name":"Pequeno Fresco Carro"}
{"id":87,"name":"Rústico Aço Bicicleta"}
{"id":88,"name":"Rústico Aço Salgadinhos"}
{"id":89,"name":"Genérico Plástico Bola"}
{"id":90,"name":"Incrível Plástico Bacon"}
{"id":91,"name":"Ergonômico Plástico Bola"}
{"id":92,"name":"Pequeno Granito Queijo"}
{"id":93,"name":"Rústico Macio Sabonete"}
{"id":94,"name":"Ergonômico Concreto Frango"}
{"id":95,"name":"Inteligente Granito Frango"}
{"id":96,"name":"Genérico Metal Atum"}
{"id":97,"name":"Lindo Granito Camiseta"}
{"id":98,"name":"Licenciado Borracha Peixe"}
{"id":99,"name":"Sem marca Metal Toalhas"}
{"id":100,"name":"Sem marca Granito Bola"}
{"id":101,"name":"Licenciado Aço Salsicha"}
